item_id,barcode,name,brand,image_url,product_url,concept_id,concept,concept_parent,concept_group,concept_confidence,okus,zasladeno,namjena,oblik,obogaceno,eko,tags,size_value,size_unit,pack_count,vegan_status,provjeri,vegan_evidence,energy_kcal,fat,saturated_fat,carbohydrates,sugars,proteins,salt,fiber,nutrition_source,search_text,store_chain,chain_logo_url,store_id,store_address,store_city,price,regular_price,price_date
2000000000011,2000000000011,Alpro Napitak od zobi bez šećera 1 L,Alpro,,,zobeno_mlijeko,zobeni napitak,biljni napitci,biljne alternative mlijeku,0.9,bez okusa,nezaslađeno,opća,tekuće,,false,"[""gluten""]",1000,ml,1,vegan,false,"{""source"":""mock"",""rule"":""mock""}",46,1.5,0.2,6.7,4,1,0.1,0.8,deklaracija,napitak od zobi | zobeno mlijeko | zobeni napitak | oat,konzum,,S01,Ilica 231,Zagreb,2.09,2.59,2026-10-06
2000000000011,2000000000011,Alpro Napitak od zobi bez šećera 1 L,Alpro,,,zobeno_mlijeko,zobeni napitak,biljni napitci,biljne alternative mlijeku,0.9,bez okusa,nezaslađeno,opća,tekuće,,false,"[""gluten""]",1000,ml,1,vegan,false,"{""source"":""mock"",""rule"":""mock""}",46,1.5,0.2,6.7,4,1,0.1,0.8,deklaracija,napitak od zobi | zobeno mlijeko | zobeni napitak | oat,konzum,,S02,Savska cesta 56,Zagreb,2.09,2.59,2026-10-06
2000000000011,2000000000011,Alpro Napitak od zobi bez šećera 1 L,Alpro,,,zobeno_mlijeko,zobeni napitak,biljni napitci,biljne alternative mlijeku,0.9,bez okusa,nezaslađeno,opća,tekuće,,false,"[""gluten""]",1000,ml,1,vegan,false,"{""source"":""mock"",""rule"":""mock""}",46,1.5,0.2,6.7,4,1,0.1,0.8,deklaracija,napitak od zobi | zobeno mlijeko | zobeni napitak | oat,konzum,,S03,Avenija Dubrava 43,Zagreb,2.09,2.59,2026-10-06
2000000000011,2000000000011,Alpro Napitak od zobi bez šećera 1 L,Alpro,,,zobeno_mlijeko,zobeni napitak,biljni napitci,biljne alternative mlijeku,0.9,bez okusa,nezaslađeno,opća,tekuće,,false,"[""gluten""]",1000,ml,1,vegan,false,"{""source"":""mock"",""rule"":""mock""}",46,1.5,0.2,6.7,4,1,0.1,0.8,deklaracija,napitak od zobi | zobeno mlijeko | zobeni napitak | oat,spar,,all,,Zagreb,2.69,2.69,2026-10-06
2000000000011,2000000000011,Alpro Napitak od zobi bez šećera 1 L,Alpro,,,zobeno_mlijeko,zobeni napitak,biljni napitci,biljne alternative mlijeku,0.9,bez okusa,nezaslađeno,opća,tekuće,,false,"[""gluten""]",1000,ml,1,vegan,false,"{""source"":""mock"",""rule"":""mock""}",46,1.5,0.2,6.7,4,1,0.1,0.8,deklaracija,napitak od zobi | zobeno mlijeko | zobeni napitak | oat,kaufland,,K1,Jankomir 31,Zagreb,2.39,2.39,2026-10-06
2000000000011,2000000000011,Alpro Napitak od zobi bez šećera 1 L,Alpro,,,zobeno_mlijeko,zobeni napitak,biljni napitci,biljne alternative mlijeku,0.9,bez okusa,nezaslađeno,opća,tekuće,,false,"[""gluten""]",1000,ml,1,vegan,false,"{""source"":""mock"",""rule"":""mock""}",46,1.5,0.2,6.7,4,1,0.1,0.8,deklaracija,napitak od zobi | zobeno mlijeko | zobeni napitak | oat,kaufland,,K2,Zagrebačka avenija 104,Zagreb,2.39,2.39,2026-10-06
2000000000011,2000000000011,Alpro Napitak od zobi bez šećera 1 L,Alpro,,,zobeno_mlijeko,zobeni napitak,biljni napitci,biljne alternative mlijeku,0.9,bez okusa,nezaslađeno,opća,tekuće,,false,"[""gluten""]",1000,ml,1,vegan,false,"{""source"":""mock"",""rule"":""mock""}",46,1.5,0.2,6.7,4,1,0.1,0.8,deklaracija,napitak od zobi | zobeno mlijeko | zobeni napitak | oat,dm,,all,,Zagreb,2.49,2.49,2026-10-06
2000000000028,2000000000028,Oatly Zobeni napitak 1 L,Oatly,,,zobeno_mlijeko,zobeni napitak,biljni napitci,biljne alternative mlijeku,0.9,bez okusa,nezaslađeno,opća,tekuće,,false,"[""gluten""]",1000,ml,1,vegan,false,"{""source"":""mock"",""rule"":""mock""}",46,1.5,0.2,6.6,4,1,0.1,0.8,deklaracija,zobeni napitak | zobeno mlijeko | oat drink,konzum,,S01,Ilica 231,Zagreb,2.89,2.89,2026-10-06
2000000000028,2000000000028,Oatly Zobeni napitak 1 L,Oatly,,,zobeno_mlijeko,zobeni napitak,biljni napitci,biljne alternative mlijeku,0.9,bez okusa,nezaslađeno,opća,tekuće,,false,"[""gluten""]",1000,ml,1,vegan,false,"{""source"":""mock"",""rule"":""mock""}",46,1.5,0.2,6.6,4,1,0.1,0.8,deklaracija,zobeni napitak | zobeno mlijeko | oat drink,konzum,,S02,Savska cesta 56,Zagreb,2.89,2.89,2026-10-06
2000000000028,2000000000028,Oatly Zobeni napitak 1 L,Oatly,,,zobeno_mlijeko,zobeni napitak,biljni napitci,biljne alternative mlijeku,0.9,bez okusa,nezaslađeno,opća,tekuće,,false,"[""gluten""]",1000,ml,1,vegan,false,"{""source"":""mock"",""rule"":""mock""}",46,1.5,0.2,6.6,4,1,0.1,0.8,deklaracija,zobeni napitak | zobeno mlijeko | oat drink,konzum,,S03,Avenija Dubrava 43,Zagreb,2.89,2.89,2026-10-06
2000000000028,2000000000028,Oatly Zobeni napitak 1 L,Oatly,,,zobeno_mlijeko,zobeni napitak,biljni napitci,biljne alternative mlijeku,0.9,bez okusa,nezaslađeno,opća,tekuće,,false,"[""gluten""]",1000,ml,1,vegan,false,"{""source"":""mock"",""rule"":""mock""}",46,1.5,0.2,6.6,4,1,0.1,0.8,deklaracija,zobeni napitak | zobeno mlijeko | oat drink,spar,,all,,Zagreb,2.99,2.99,2026-10-06
2000000000035,2000000000035,Vemondo Zobeni napitak 1 L,Vemondo,,,zobeno_mlijeko,zobeni napitak,biljni napitci,biljne alternative mlijeku,0.9,bez okusa,nezaslađeno,opća,tekuće,,false,"[""gluten""]",1000,ml,1,vegan,false,"{""source"":""mock"",""rule"":""mock""}",44,1.4,0.2,6.5,3.8,0.9,0.1,0.8,deklaracija,zobeni napitak | zobeno mlijeko,lidl,,all,,Zagreb,1.39,1.39,2026-10-06
2000000000042,2000000000042,dmBio Zobeni napitak 1 L,dmBio,,,zobeno_mlijeko,zobeni napitak,biljni napitci,biljne alternative mlijeku,0.9,bez okusa,nezaslađeno,opća,tekuće,,true,"[""gluten""]",1000,ml,1,vegan,false,"{""source"":""mock"",""rule"":""mock""}",46,1.5,0.2,6.7,4,1,0.1,0.8,deklaracija,zobeni napitak | zobeno mlijeko | bio,dm,,all,,Zagreb,1.59,1.59,2026-10-06
2000000000059,2000000000059,Alpro Napitak od zobi vanilija 1 L,Alpro,,,zobeno_mlijeko,zobeni napitak,biljni napitci,biljne alternative mlijeku,0.9,vanilija,zaslađeno,opća,tekuće,,false,"[""gluten""]",1000,ml,1,vegan,false,"{""source"":""mock"",""rule"":""mock""}",58,1.5,0.2,9.5,6.6,1,0.1,0.8,deklaracija,napitak od zobi vanilija | zobeno mlijeko,konzum,,S01,Ilica 231,Zagreb,2.09,2.09,2026-10-06
2000000000059,2000000000059,Alpro Napitak od zobi vanilija 1 L,Alpro,,,zobeno_mlijeko,zobeni napitak,biljni napitci,biljne alternative mlijeku,0.9,vanilija,zaslađeno,opća,tekuće,,false,"[""gluten""]",1000,ml,1,vegan,false,"{""source"":""mock"",""rule"":""mock""}",58,1.5,0.2,9.5,6.6,1,0.1,0.8,deklaracija,napitak od zobi vanilija | zobeno mlijeko,konzum,,S02,Savska cesta 56,Zagreb,2.09,2.09,2026-10-06
2000000000059,2000000000059,Alpro Napitak od zobi vanilija 1 L,Alpro,,,zobeno_mlijeko,zobeni napitak,biljni napitci,biljne alternative mlijeku,0.9,vanilija,zaslađeno,opća,tekuće,,false,"[""gluten""]",1000,ml,1,vegan,false,"{""source"":""mock"",""rule"":""mock""}",58,1.5,0.2,9.5,6.6,1,0.1,0.8,deklaracija,napitak od zobi vanilija | zobeno mlijeko,konzum,,S03,Avenija Dubrava 43,Zagreb,2.09,2.09,2026-10-06
2000000000059,2000000000059,Alpro Napitak od zobi vanilija 1 L,Alpro,,,zobeno_mlijeko,zobeni napitak,biljni napitci,biljne alternative mlijeku,0.9,vanilija,zaslađeno,opća,tekuće,,false,"[""gluten""]",1000,ml,1,vegan,false,"{""source"":""mock"",""rule"":""mock""}",58,1.5,0.2,9.5,6.6,1,0.1,0.8,deklaracija,napitak od zobi vanilija | zobeno mlijeko,kaufland,,K1,Jankomir 31,Zagreb,1.39,1.89,2026-10-06
2000000000059,2000000000059,Alpro Napitak od zobi vanilija 1 L,Alpro,,,zobeno_mlijeko,zobeni napitak,biljni napitci,biljne alternative mlijeku,0.9,vanilija,zaslađeno,opća,tekuće,,false,"[""gluten""]",1000,ml,1,vegan,false,"{""source"":""mock"",""rule"":""mock""}",58,1.5,0.2,9.5,6.6,1,0.1,0.8,deklaracija,napitak od zobi vanilija | zobeno mlijeko,kaufland,,K2,Zagrebačka avenija 104,Zagreb,1.39,1.89,2026-10-06
2000000000066,2000000000066,Alpro Sojin napitak original 1 L,Alpro,,,sojino_mlijeko,sojin napitak,biljni napitci,biljne alternative mlijeku,0.9,bez okusa,zaslađeno,opća,tekuće,kalcij,false,"[""soja""]",1000,ml,1,vegan,false,"{""source"":""mock"",""rule"":""mock""}",39,1.8,0.3,2.5,2.5,3,0.09,0.5,deklaracija,sojin napitak | sojino mlijeko | soya,konzum,,S01,Ilica 231,Zagreb,2.49,2.49,2026-10-06
2000000000066,2000000000066,Alpro Sojin napitak original 1 L,Alpro,,,sojino_mlijeko,sojin napitak,biljni napitci,biljne alternative mlijeku,0.9,bez okusa,zaslađeno,opća,tekuće,kalcij,false,"[""soja""]",1000,ml,1,vegan,false,"{""source"":""mock"",""rule"":""mock""}",39,1.8,0.3,2.5,2.5,3,0.09,0.5,deklaracija,sojin napitak | sojino mlijeko | soya,konzum,,S02,Savska cesta 56,Zagreb,2.49,2.49,2026-10-06
2000000000066,2000000000066,Alpro Sojin napitak original 1 L,Alpro,,,sojino_mlijeko,sojin napitak,biljni napitci,biljne alternative mlijeku,0.9,bez okusa,zaslađeno,opća,tekuće,kalcij,false,"[""soja""]",1000,ml,1,vegan,false,"{""source"":""mock"",""rule"":""mock""}",39,1.8,0.3,2.5,2.5,3,0.09,0.5,deklaracija,sojin napitak | sojino mlijeko | soya,konzum,,S03,Avenija Dubrava 43,Zagreb,2.49,2.49,2026-10-06
2000000000066,2000000000066,Alpro Sojin napitak original 1 L,Alpro,,,sojino_mlijeko,sojin napitak,biljni napitci,biljne alternative mlijeku,0.9,bez okusa,zaslađeno,opća,tekuće,kalcij,false,"[""soja""]",1000,ml,1,vegan,false,"{""source"":""mock"",""rule"":""mock""}",39,1.8,0.3,2.5,2.5,3,0.09,0.5,deklaracija,sojin napitak | sojino mlijeko | soya,spar,,all,,Zagreb,2.39,2.39,2026-10-06
2000000000066,2000000000066,Alpro Sojin napitak original 1 L,Alpro,,,sojino_mlijeko,sojin napitak,biljni napitci,biljne alternative mlijeku,0.9,bez okusa,zaslađeno,opća,tekuće,kalcij,false,"[""soja""]",1000,ml,1,vegan,false,"{""source"":""mock"",""rule"":""mock""}",39,1.8,0.3,2.5,2.5,3,0.09,0.5,deklaracija,sojin napitak | sojino mlijeko | soya,kaufland,,K1,Jankomir 31,Zagreb,2.09,2.09,2026-10-06
2000000000066,2000000000066,Alpro Sojin napitak original 1 L,Alpro,,,sojino_mlijeko,sojin napitak,biljni napitci,biljne alternative mlijeku,0.9,bez okusa,zaslađeno,opća,tekuće,kalcij,false,"[""soja""]",1000,ml,1,vegan,false,"{""source"":""mock"",""rule"":""mock""}",39,1.8,0.3,2.5,2.5,3,0.09,0.5,deklaracija,sojin napitak | sojino mlijeko | soya,kaufland,,K2,Zagrebačka avenija 104,Zagreb,2.09,2.09,2026-10-06
2000000000066,2000000000066,Alpro Sojin napitak original 1 L,Alpro,,,sojino_mlijeko,sojin napitak,biljni napitci,biljne alternative mlijeku,0.9,bez okusa,zaslađeno,opća,tekuće,kalcij,false,"[""soja""]",1000,ml,1,vegan,false,"{""source"":""mock"",""rule"":""mock""}",39,1.8,0.3,2.5,2.5,3,0.09,0.5,deklaracija,sojin napitak | sojino mlijeko | soya,plodine,,all,,Zagreb,2.19,2.19,2026-10-06
2000000000073,2000000000073,Vemondo Sojin napitak bez šećera 1 L,Vemondo,,,sojino_mlijeko,sojin napitak,biljni napitci,biljne alternative mlijeku,0.9,bez okusa,nezaslađeno,opća,tekuće,,false,"[""soja""]",1000,ml,1,vegan,false,"{""source"":""mock"",""rule"":""mock""}",33,1.9,0.3,0.2,0.1,3.3,0.05,0.6,deklaracija,sojin napitak | sojino mlijeko,lidl,,all,,Zagreb,1.19,1.19,2026-10-06
2000000000080,2000000000080,Alpro Bademov napitak bez šećera 1 L,Alpro,,,bademovo_mlijeko,bademov napitak,biljni napitci,biljne alternative mlijeku,0.9,bez okusa,nezaslađeno,opća,tekuće,,false,"[""orasi""]",1000,ml,1,vegan,false,"{""source"":""mock"",""rule"":""mock""}",13,1.1,0.1,0,0,0.4,0.13,0.2,deklaracija,bademov napitak | bademovo mlijeko,konzum,,S01,Ilica 231,Zagreb,2.89,2.89,2026-10-06
2000000000080,2000000000080,Alpro Bademov napitak bez šećera 1 L,Alpro,,,bademovo_mlijeko,bademov napitak,biljni napitci,biljne alternative mlijeku,0.9,bez okusa,nezaslađeno,opća,tekuće,,false,"[""orasi""]",1000,ml,1,vegan,false,"{""source"":""mock"",""rule"":""mock""}",13,1.1,0.1,0,0,0.4,0.13,0.2,deklaracija,bademov napitak | bademovo mlijeko,konzum,,S02,Savska cesta 56,Zagreb,2.89,2.89,2026-10-06
2000000000080,2000000000080,Alpro Bademov napitak bez šećera 1 L,Alpro,,,bademovo_mlijeko,bademov napitak,biljni napitci,biljne alternative mlijeku,0.9,bez okusa,nezaslađeno,opća,tekuće,,false,"[""orasi""]",1000,ml,1,vegan,false,"{""source"":""mock"",""rule"":""mock""}",13,1.1,0.1,0,0,0.4,0.13,0.2,deklaracija,bademov napitak | bademovo mlijeko,konzum,,S03,Avenija Dubrava 43,Zagreb,2.89,2.89,2026-10-06
2000000000080,2000000000080,Alpro Bademov napitak bez šećera 1 L,Alpro,,,bademovo_mlijeko,bademov napitak,biljni napitci,biljne alternative mlijeku,0.9,bez okusa,nezaslađeno,opća,tekuće,,false,"[""orasi""]",1000,ml,1,vegan,false,"{""source"":""mock"",""rule"":""mock""}",13,1.1,0.1,0,0,0.4,0.13,0.2,deklaracija,bademov napitak | bademovo mlijeko,dm,,all,,Zagreb,2.59,2.59,2026-10-06
2000000000097,2000000000097,Alpro Soya Cuisine biljno vrhnje za kuhanje 250 ml,Alpro,,,biljno_vrhnje_za_kuhanje,biljno vrhnje za kuhanje,biljna vrhnja,biljne alternative mlijeku,0.9,bez okusa,nezaslađeno,za kuhanje,tekuće,,false,"[""soja""]",250,ml,1,vegan,false,"{""source"":""mock"",""rule"":""mock""}",176,17,2,3.5,0.5,2.3,0.1,0.3,deklaracija,vrhnje za kuhanje | biljno vrhnje | soya cuisine,konzum,,S01,Ilica 231,Zagreb,1.69,1.69,2026-10-06
2000000000097,2000000000097,Alpro Soya Cuisine biljno vrhnje za kuhanje 250 ml,Alpro,,,biljno_vrhnje_za_kuhanje,biljno vrhnje za kuhanje,biljna vrhnja,biljne alternative mlijeku,0.9,bez okusa,nezaslađeno,za kuhanje,tekuće,,false,"[""soja""]",250,ml,1,vegan,false,"{""source"":""mock"",""rule"":""mock""}",176,17,2,3.5,0.5,2.3,0.1,0.3,deklaracija,vrhnje za kuhanje | biljno vrhnje | soya cuisine,konzum,,S02,Savska cesta 56,Zagreb,1.69,1.69,2026-10-06
2000000000097,2000000000097,Alpro Soya Cuisine biljno vrhnje za kuhanje 250 ml,Alpro,,,biljno_vrhnje_za_kuhanje,biljno vrhnje za kuhanje,biljna vrhnja,biljne alternative mlijeku,0.9,bez okusa,nezaslađeno,za kuhanje,tekuće,,false,"[""soja""]",250,ml,1,vegan,false,"{""source"":""mock"",""rule"":""mock""}",176,17,2,3.5,0.5,2.3,0.1,0.3,deklaracija,vrhnje za kuhanje | biljno vrhnje | soya cuisine,konzum,,S03,Avenija Dubrava 43,Zagreb,1.69,1.69,2026-10-06
2000000000097,2000000000097,Alpro Soya Cuisine biljno vrhnje za kuhanje 250 ml,Alpro,,,biljno_vrhnje_za_kuhanje,biljno vrhnje za kuhanje,biljna vrhnja,biljne alternative mlijeku,0.9,bez okusa,nezaslađeno,za kuhanje,tekuće,,false,"[""soja""]",250,ml,1,vegan,false,"{""source"":""mock"",""rule"":""mock""}",176,17,2,3.5,0.5,2.3,0.1,0.3,deklaracija,vrhnje za kuhanje | biljno vrhnje | soya cuisine,spar,,all,,Zagreb,1.69,1.69,2026-10-06
2000000000097,2000000000097,Alpro Soya Cuisine biljno vrhnje za kuhanje 250 ml,Alpro,,,biljno_vrhnje_za_kuhanje,biljno vrhnje za kuhanje,biljna vrhnja,biljne alternative mlijeku,0.9,bez okusa,nezaslađeno,za kuhanje,tekuće,,false,"[""soja""]",250,ml,1,vegan,false,"{""source"":""mock"",""rule"":""mock""}",176,17,2,3.5,0.5,2.3,0.1,0.3,deklaracija,vrhnje za kuhanje | biljno vrhnje | soya cuisine,kaufland,,K1,Jankomir 31,Zagreb,1.49,1.49,2026-10-06
2000000000097,2000000000097,Alpro Soya Cuisine biljno vrhnje za kuhanje 250 ml,Alpro,,,biljno_vrhnje_za_kuhanje,biljno vrhnje za kuhanje,biljna vrhnja,biljne alternative mlijeku,0.9,bez okusa,nezaslađeno,za kuhanje,tekuće,,false,"[""soja""]",250,ml,1,vegan,false,"{""source"":""mock"",""rule"":""mock""}",176,17,2,3.5,0.5,2.3,0.1,0.3,deklaracija,vrhnje za kuhanje | biljno vrhnje | soya cuisine,kaufland,,K2,Zagrebačka avenija 104,Zagreb,1.49,1.49,2026-10-06
2000000000097,2000000000097,Alpro Soya Cuisine biljno vrhnje za kuhanje 250 ml,Alpro,,,biljno_vrhnje_za_kuhanje,biljno vrhnje za kuhanje,biljna vrhnja,biljne alternative mlijeku,0.9,bez okusa,nezaslađeno,za kuhanje,tekuće,,false,"[""soja""]",250,ml,1,vegan,false,"{""source"":""mock"",""rule"":""mock""}",176,17,2,3.5,0.5,2.3,0.1,0.3,deklaracija,vrhnje za kuhanje | biljno vrhnje | soya cuisine,plodine,,all,,Zagreb,1.59,1.59,2026-10-06
2000000000103,2000000000103,Oatly Zobeno vrhnje za kuhanje 250 ml,Oatly,,,biljno_vrhnje_za_kuhanje,biljno vrhnje za kuhanje,biljna vrhnja,biljne alternative mlijeku,0.9,bez okusa,nezaslađeno,za kuhanje,tekuće,,false,"[""gluten""]",250,ml,1,vegan,false,"{""source"":""mock"",""rule"":""mock""}",150,13,1,6,1.5,1,0.1,0.8,deklaracija,vrhnje za kuhanje | zobeno vrhnje | oat cream,konzum,,S01,Ilica 231,Zagreb,2.09,2.09,2026-10-06
2000000000103,2000000000103,Oatly Zobeno vrhnje za kuhanje 250 ml,Oatly,,,biljno_vrhnje_za_kuhanje,biljno vrhnje za kuhanje,biljna vrhnja,biljne alternative mlijeku,0.9,bez okusa,nezaslađeno,za kuhanje,tekuće,,false,"[""gluten""]",250,ml,1,vegan,false,"{""source"":""mock"",""rule"":""mock""}",150,13,1,6,1.5,1,0.1,0.8,deklaracija,vrhnje za kuhanje | zobeno vrhnje | oat cream,konzum,,S02,Savska cesta 56,Zagreb,2.09,2.09,2026-10-06
2000000000103,2000000000103,Oatly Zobeno vrhnje za kuhanje 250 ml,Oatly,,,biljno_vrhnje_za_kuhanje,biljno vrhnje za kuhanje,biljna vrhnja,biljne alternative mlijeku,0.9,bez okusa,nezaslađeno,za kuhanje,tekuće,,false,"[""gluten""]",250,ml,1,vegan,false,"{""source"":""mock"",""rule"":""mock""}",150,13,1,6,1.5,1,0.1,0.8,deklaracija,vrhnje za kuhanje | zobeno vrhnje | oat cream,konzum,,S03,Avenija Dubrava 43,Zagreb,2.09,2.09,2026-10-06
2000000000103,2000000000103,Oatly Zobeno vrhnje za kuhanje 250 ml,Oatly,,,biljno_vrhnje_za_kuhanje,biljno vrhnje za kuhanje,biljna vrhnja,biljne alternative mlijeku,0.9,bez okusa,nezaslađeno,za kuhanje,tekuće,,false,"[""gluten""]",250,ml,1,vegan,false,"{""source"":""mock"",""rule"":""mock""}",150,13,1,6,1.5,1,0.1,0.8,deklaracija,vrhnje za kuhanje | zobeno vrhnje | oat cream,spar,,all,,Zagreb,2.09,2.09,2026-10-06
2000000000110,2000000000110,Vemondo Biljna alternativa vrhnju za kuhanje 200 ml,Vemondo,,,biljno_vrhnje_za_kuhanje,biljno vrhnje za kuhanje,biljna vrhnja,biljne alternative mlijeku,0.9,bez okusa,nezaslađeno,za kuhanje,tekuće,,false,"[""soja""]",200,ml,1,vegan,false,"{""source"":""mock"",""rule"":""mock""}",165,16,1.8,3.2,0.6,2.4,0.1,,deklaracija,vrhnje za kuhanje | biljno vrhnje,lidl,,all,,Zagreb,0.89,0.89,2026-10-06
biobio:10457,,Provamel Bio sojino vrhnje za kuhanje 250 ml,Provamel,,https://www.biobio.hr/,biljno_vrhnje_za_kuhanje,biljno vrhnje za kuhanje,biljna vrhnja,biljne alternative mlijeku,0.9,bez okusa,nezaslađeno,za kuhanje,tekuće,,true,"[""soja""]",250,ml,1,vegan,false,"{""source"":""mock"",""rule"":""mock""}",170,16.5,2,3,0.4,2.6,0.1,,deklaracija,sojino vrhnje | vrhnje za kuhanje | bio,biobio,,online,,,2.79,2.79,2026-10-06
biobio:10457,,Provamel Bio sojino vrhnje za kuhanje 250 ml,Provamel,,https://www.biobio.hr/,biljno_vrhnje_za_kuhanje,biljno vrhnje za kuhanje,biljna vrhnja,biljne alternative mlijeku,0.9,bez okusa,nezaslađeno,za kuhanje,tekuće,,true,"[""soja""]",250,ml,1,vegan,false,"{""source"":""mock"",""rule"":""mock""}",170,16.5,2,3,0.4,2.6,0.1,,deklaracija,sojino vrhnje | vrhnje za kuhanje | bio,tzh,,online,,,2.69,2.69,2026-10-06
2000000000127,2000000000127,Vemondo Biljna alternativa kiselom vrhnju 200 g,Vemondo,,,biljno_kiselo_vrhnje,biljna alternativa kiselom vrhnju,biljna vrhnja,biljne alternative mlijeku,0.9,bez okusa,nezaslađeno,opća,pasta ili namaz,,false,"[""kokos""]",200,g,1,vegan,false,"{""source"":""mock"",""rule"":""mock""}",190,18,16,6,1.5,0.9,0.2,,deklaracija,kiselo vrhnje | biljno kiselo vrhnje,lidl,,all,,Zagreb,1.09,1.09,2026-10-06
tzh:56597,,Bio Vegini Biljno kiselo vrhnje 200 g,Vegini,,https://www.tvornicazdravehrane.com/,biljno_kiselo_vrhnje,biljna alternativa kiselom vrhnju,biljna vrhnja,biljne alternative mlijeku,0.9,bez okusa,nezaslađeno,opća,pasta ili namaz,,true,"[""soja""]",200,g,1,vegan,false,"{""source"":""mock"",""rule"":""mock""}",150,14,2,4,1,2.5,0.3,,web,kiselo vrhnje | biljno vrhnje | bio,tzh,,online,,,3.29,3.29,2026-10-06
tzh:56597,,Bio Vegini Biljno kiselo vrhnje 200 g,Vegini,,https://www.tvornicazdravehrane.com/,biljno_kiselo_vrhnje,biljna alternativa kiselom vrhnju,biljna vrhnja,biljne alternative mlijeku,0.9,bez okusa,nezaslađeno,opća,pasta ili namaz,,true,"[""soja""]",200,g,1,vegan,false,"{""source"":""mock"",""rule"":""mock""}",150,14,2,4,1,2.5,0.3,,web,kiselo vrhnje | biljno vrhnje | bio,biobio,,online,,,3.29,3.29,2026-10-06
2000000000134,2000000000134,Alpro Biljni jogurt natural 500 g,Alpro,,,biljni_jogurt,biljni jogurt,biljni jogurti,biljne alternative mlijeku,0.9,bez okusa,nezaslađeno,opća,pasta ili namaz,,false,"[""soja""]",500,g,1,vegan,false,"{""source"":""mock"",""rule"":""mock""}",50,2.3,0.4,2.1,2.1,4,0.1,1,deklaracija,biljni jogurt | sojin jogurt | natural,konzum,,S01,Ilica 231,Zagreb,2.29,2.29,2026-10-06
2000000000134,2000000000134,Alpro Biljni jogurt natural 500 g,Alpro,,,biljni_jogurt,biljni jogurt,biljni jogurti,biljne alternative mlijeku,0.9,bez okusa,nezaslađeno,opća,pasta ili namaz,,false,"[""soja""]",500,g,1,vegan,false,"{""source"":""mock"",""rule"":""mock""}",50,2.3,0.4,2.1,2.1,4,0.1,1,deklaracija,biljni jogurt | sojin jogurt | natural,konzum,,S02,Savska cesta 56,Zagreb,2.29,2.29,2026-10-06
2000000000134,2000000000134,Alpro Biljni jogurt natural 500 g,Alpro,,,biljni_jogurt,biljni jogurt,biljni jogurti,biljne alternative mlijeku,0.9,bez okusa,nezaslađeno,opća,pasta ili namaz,,false,"[""soja""]",500,g,1,vegan,false,"{""source"":""mock"",""rule"":""mock""}",50,2.3,0.4,2.1,2.1,4,0.1,1,deklaracija,biljni jogurt | sojin jogurt | natural,konzum,,S03,Avenija Dubrava 43,Zagreb,2.29,2.29,2026-10-06
2000000000134,2000000000134,Alpro Biljni jogurt natural 500 g,Alpro,,,biljni_jogurt,biljni jogurt,biljni jogurti,biljne alternative mlijeku,0.9,bez okusa,nezaslađeno,opća,pasta ili namaz,,false,"[""soja""]",500,g,1,vegan,false,"{""source"":""mock"",""rule"":""mock""}",50,2.3,0.4,2.1,2.1,4,0.1,1,deklaracija,biljni jogurt | sojin jogurt | natural,spar,,all,,Zagreb,2.29,2.29,2026-10-06
2000000000134,2000000000134,Alpro Biljni jogurt natural 500 g,Alpro,,,biljni_jogurt,biljni jogurt,biljni jogurti,biljne alternative mlijeku,0.9,bez okusa,nezaslađeno,opća,pasta ili namaz,,false,"[""soja""]",500,g,1,vegan,false,"{""source"":""mock"",""rule"":""mock""}",50,2.3,0.4,2.1,2.1,4,0.1,1,deklaracija,biljni jogurt | sojin jogurt | natural,kaufland,,K1,Jankomir 31,Zagreb,1.99,1.99,2026-10-06
2000000000134,2000000000134,Alpro Biljni jogurt natural 500 g,Alpro,,,biljni_jogurt,biljni jogurt,biljni jogurti,biljne alternative mlijeku,0.9,bez okusa,nezaslađeno,opća,pasta ili namaz,,false,"[""soja""]",500,g,1,vegan,false,"{""source"":""mock"",""rule"":""mock""}",50,2.3,0.4,2.1,2.1,4,0.1,1,deklaracija,biljni jogurt | sojin jogurt | natural,kaufland,,K2,Zagrebačka avenija 104,Zagreb,1.99,1.99,2026-10-06
2000000000141,2000000000141,Flora Plant biljni maslac 250 g,Flora,,,veganski_maslac,biljni maslac,masnoće za mazanje,ostale biljne zamjene,0.9,bez okusa,,za mazanje,blok,,false,[],250,g,1,vegan,false,"{""source"":""mock"",""rule"":""mock""}",640,71,30,0.5,0.5,0.2,0.4,,deklaracija,biljni maslac | veganski maslac | margarin,konzum,,S01,Ilica 231,Zagreb,3.19,3.19,2026-10-06
2000000000141,2000000000141,Flora Plant biljni maslac 250 g,Flora,,,veganski_maslac,biljni maslac,masnoće za mazanje,ostale biljne zamjene,0.9,bez okusa,,za mazanje,blok,,false,[],250,g,1,vegan,false,"{""source"":""mock"",""rule"":""mock""}",640,71,30,0.5,0.5,0.2,0.4,,deklaracija,biljni maslac | veganski maslac | margarin,konzum,,S02,Savska cesta 56,Zagreb,3.19,3.19,2026-10-06
2000000000141,2000000000141,Flora Plant biljni maslac 250 g,Flora,,,veganski_maslac,biljni maslac,masnoće za mazanje,ostale biljne zamjene,0.9,bez okusa,,za mazanje,blok,,false,[],250,g,1,vegan,false,"{""source"":""mock"",""rule"":""mock""}",640,71,30,0.5,0.5,0.2,0.4,,deklaracija,biljni maslac | veganski maslac | margarin,konzum,,S03,Avenija Dubrava 43,Zagreb,3.19,3.19,2026-10-06
2000000000141,2000000000141,Flora Plant biljni maslac 250 g,Flora,,,veganski_maslac,biljni maslac,masnoće za mazanje,ostale biljne zamjene,0.9,bez okusa,,za mazanje,blok,,false,[],250,g,1,vegan,false,"{""source"":""mock"",""rule"":""mock""}",640,71,30,0.5,0.5,0.2,0.4,,deklaracija,biljni maslac | veganski maslac | margarin,spar,,all,,Zagreb,2.79,3.29,2026-10-06
2000000000141,2000000000141,Flora Plant biljni maslac 250 g,Flora,,,veganski_maslac,biljni maslac,masnoće za mazanje,ostale biljne zamjene,0.9,bez okusa,,za mazanje,blok,,false,[],250,g,1,vegan,false,"{""source"":""mock"",""rule"":""mock""}",640,71,30,0.5,0.5,0.2,0.4,,deklaracija,biljni maslac | veganski maslac | margarin,kaufland,,K1,Jankomir 31,Zagreb,2.89,2.89,2026-10-06
2000000000141,2000000000141,Flora Plant biljni maslac 250 g,Flora,,,veganski_maslac,biljni maslac,masnoće za mazanje,ostale biljne zamjene,0.9,bez okusa,,za mazanje,blok,,false,[],250,g,1,vegan,false,"{""source"":""mock"",""rule"":""mock""}",640,71,30,0.5,0.5,0.2,0.4,,deklaracija,biljni maslac | veganski maslac | margarin,kaufland,,K2,Zagrebačka avenija 104,Zagreb,2.89,2.89,2026-10-06
2000000000141,2000000000141,Flora Plant biljni maslac 250 g,Flora,,,veganski_maslac,biljni maslac,masnoće za mazanje,ostale biljne zamjene,0.9,bez okusa,,za mazanje,blok,,false,[],250,g,1,vegan,false,"{""source"":""mock"",""rule"":""mock""}",640,71,30,0.5,0.5,0.2,0.4,,deklaracija,biljni maslac | veganski maslac | margarin,plodine,,all,,Zagreb,2.99,2.99,2026-10-06
biobio:20311,,Naturli Veganski blok za pečenje 200 g,Naturli,,,veganski_maslac,biljni maslac,masnoće za mazanje,ostale biljne zamjene,0.9,bez okusa,,za pečenje,blok,,true,"[""kokos""]",200,g,1,vegan,false,"{""source"":""mock"",""rule"":""mock""}",720,80,35,0.5,0.5,0.5,0.6,,deklaracija,veganski maslac | blok za pečenje | bio,biobio,,online,,,3.99,3.99,2026-10-06
biobio:20311,,Naturli Veganski blok za pečenje 200 g,Naturli,,,veganski_maslac,biljni maslac,masnoće za mazanje,ostale biljne zamjene,0.9,bez okusa,,za pečenje,blok,,true,"[""kokos""]",200,g,1,vegan,false,"{""source"":""mock"",""rule"":""mock""}",720,80,35,0.5,0.5,0.5,0.6,,deklaracija,veganski maslac | blok za pečenje | bio,tzh,,online,,,3.89,3.89,2026-10-06
biobio:20311,,Naturli Veganski blok za pečenje 200 g,Naturli,,,veganski_maslac,biljni maslac,masnoće za mazanje,ostale biljne zamjene,0.9,bez okusa,,za pečenje,blok,,true,"[""kokos""]",200,g,1,vegan,false,"{""source"":""mock"",""rule"":""mock""}",720,80,35,0.5,0.5,0.5,0.6,,deklaracija,veganski maslac | blok za pečenje | bio,dm,,all,,Zagreb,3.59,3.59,2026-10-06
2000000000158,2000000000158,Vemondo Biljni namaz 250 g,Vemondo,,,veganski_maslac,biljni maslac,masnoće za mazanje,ostale biljne zamjene,0.9,bez okusa,,za mazanje,pasta ili namaz,,false,[],250,g,1,vegan,false,"{""source"":""mock"",""rule"":""mock""}",535,59,22,0.5,0.5,0.1,0.5,,procjena,biljni namaz | veganski maslac | margarin,lidl,,all,,Zagreb,1.29,1.29,2026-10-06
2000000000165,2000000000165,Zvijezda Suncokretovo ulje 1 L,Zvijezda,,,biljno_ulje,suncokretovo ulje,jestiva ulja,ulja,0.9,,,za kuhanje,tekuće,,false,[],1000,ml,1,vegan,false,"{""source"":""mock"",""rule"":""mock""}",828,92,10,0,0,0,0,0,deklaracija,suncokretovo ulje | ulje | biljno ulje,konzum,,S01,Ilica 231,Zagreb,2.29,2.29,2026-10-06
2000000000165,2000000000165,Zvijezda Suncokretovo ulje 1 L,Zvijezda,,,biljno_ulje,suncokretovo ulje,jestiva ulja,ulja,0.9,,,za kuhanje,tekuće,,false,[],1000,ml,1,vegan,false,"{""source"":""mock"",""rule"":""mock""}",828,92,10,0,0,0,0,0,deklaracija,suncokretovo ulje | ulje | biljno ulje,konzum,,S02,Savska cesta 56,Zagreb,2.29,2.29,2026-10-06
2000000000165,2000000000165,Zvijezda Suncokretovo ulje 1 L,Zvijezda,,,biljno_ulje,suncokretovo ulje,jestiva ulja,ulja,0.9,,,za kuhanje,tekuće,,false,[],1000,ml,1,vegan,false,"{""source"":""mock"",""rule"":""mock""}",828,92,10,0,0,0,0,0,deklaracija,suncokretovo ulje | ulje | biljno ulje,konzum,,S03,Avenija Dubrava 43,Zagreb,2.29,2.29,2026-10-06
2000000000165,2000000000165,Zvijezda Suncokretovo ulje 1 L,Zvijezda,,,biljno_ulje,suncokretovo ulje,jestiva ulja,ulja,0.9,,,za kuhanje,tekuće,,false,[],1000,ml,1,vegan,false,"{""source"":""mock"",""rule"":""mock""}",828,92,10,0,0,0,0,0,deklaracija,suncokretovo ulje | ulje | biljno ulje,spar,,all,,Zagreb,2.29,2.29,2026-10-06
2000000000165,2000000000165,Zvijezda Suncokretovo ulje 1 L,Zvijezda,,,biljno_ulje,suncokretovo ulje,jestiva ulja,ulja,0.9,,,za kuhanje,tekuće,,false,[],1000,ml,1,vegan,false,"{""source"":""mock"",""rule"":""mock""}",828,92,10,0,0,0,0,0,deklaracija,suncokretovo ulje | ulje | biljno ulje,kaufland,,K1,Jankomir 31,Zagreb,2.09,2.09,2026-10-06
2000000000165,2000000000165,Zvijezda Suncokretovo ulje 1 L,Zvijezda,,,biljno_ulje,suncokretovo ulje,jestiva ulja,ulja,0.9,,,za kuhanje,tekuće,,false,[],1000,ml,1,vegan,false,"{""source"":""mock"",""rule"":""mock""}",828,92,10,0,0,0,0,0,deklaracija,suncokretovo ulje | ulje | biljno ulje,kaufland,,K2,Zagrebačka avenija 104,Zagreb,2.09,2.09,2026-10-06
2000000000165,2000000000165,Zvijezda Suncokretovo ulje 1 L,Zvijezda,,,biljno_ulje,suncokretovo ulje,jestiva ulja,ulja,0.9,,,za kuhanje,tekuće,,false,[],1000,ml,1,vegan,false,"{""source"":""mock"",""rule"":""mock""}",828,92,10,0,0,0,0,0,deklaracija,suncokretovo ulje | ulje | biljno ulje,plodine,,all,,Zagreb,1.69,2.09,2026-10-06
2000000000172,2000000000172,Vita D'or Suncokretovo ulje 1 L,Vita D'or,,,biljno_ulje,suncokretovo ulje,jestiva ulja,ulja,0.9,,,za kuhanje,tekuće,,false,[],1000,ml,1,vegan,false,"{""source"":""mock"",""rule"":""mock""}",828,92,10,0,0,0,0,0,deklaracija,suncokretovo ulje | ulje,lidl,,all,,Zagreb,1.59,1.59,2026-10-06
2000000000189,2000000000189,dmBio Kokosovo ulje 200 ml,dmBio,,,kokosovo_ulje,kokosovo ulje,jestiva ulja,ulja,0.9,kokos,,za kuhanje,tekuće,,true,"[""kokos""]",200,ml,1,vegan,false,"{""source"":""mock"",""rule"":""mock""}",900,100,87,0,0,0,0,0,deklaracija,kokosovo ulje | ulje | bio,dm,,all,,Zagreb,4.09,4.09,2026-10-06
2000000000189,2000000000189,dmBio Kokosovo ulje 200 ml,dmBio,,,kokosovo_ulje,kokosovo ulje,jestiva ulja,ulja,0.9,kokos,,za kuhanje,tekuće,,true,"[""kokos""]",200,ml,1,vegan,false,"{""source"":""mock"",""rule"":""mock""}",900,100,87,0,0,0,0,0,deklaracija,kokosovo ulje | ulje | bio,biobio,,online,,,4.49,4.49,2026-10-06
biobio:30125,,Taifun Bio dimljeni tofu 200 g,Taifun,,,tofu,tofu,proizvodi od soje,biljne alternative mesu,0.9,dimljeno,,,blok,,true,"[""soja""]",200,g,1,vegan,false,"{""source"":""mock"",""rule"":""mock""}",180,10.5,1.6,1.5,0.5,18,1,1.5,deklaracija,dimljeni tofu | tofu | smoked,biobio,,online,,,3.79,3.79,2026-10-06
biobio:30125,,Taifun Bio dimljeni tofu 200 g,Taifun,,,tofu,tofu,proizvodi od soje,biljne alternative mesu,0.9,dimljeno,,,blok,,true,"[""soja""]",200,g,1,vegan,false,"{""source"":""mock"",""rule"":""mock""}",180,10.5,1.6,1.5,0.5,18,1,1.5,deklaracija,dimljeni tofu | tofu | smoked,tzh,,online,,,3.69,3.69,2026-10-06
biobio:30125,,Taifun Bio dimljeni tofu 200 g,Taifun,,,tofu,tofu,proizvodi od soje,biljne alternative mesu,0.9,dimljeno,,,blok,,true,"[""soja""]",200,g,1,vegan,false,"{""source"":""mock"",""rule"":""mock""}",180,10.5,1.6,1.5,0.5,18,1,1.5,deklaracija,dimljeni tofu | tofu | smoked,dm,,all,,Zagreb,3.39,3.39,2026-10-06
2000000000196,2000000000196,Vemondo Dimljeni tofu 200 g,Vemondo,,,tofu,tofu,proizvodi od soje,biljne alternative mesu,0.9,dimljeno,,,blok,,false,"[""soja""]",200,g,1,vegan,false,"{""source"":""mock"",""rule"":""mock""}",175,10,1.5,1.8,0.6,17,1.1,1.4,deklaracija,dimljeni tofu | tofu,lidl,,all,,Zagreb,1.09,1.59,2026-10-06
2000000000202,2000000000202,dmBio Tofu natur 200 g,dmBio,,,tofu,tofu,proizvodi od soje,biljne alternative mesu,0.9,bez okusa,,,blok,,true,"[""soja""]",200,g,1,vegan,false,"{""source"":""mock"",""rule"":""mock""}",130,7.5,1.2,1,0.5,14,0.02,1,deklaracija,tofu natur | tofu | bio,dm,,all,,Zagreb,1.89,1.89,2026-10-06
2000000000219,2000000000219,K-take it veggie Tofu natur 400 g,K-take it veggie,,,tofu,tofu,proizvodi od soje,biljne alternative mesu,0.9,bez okusa,,,blok,,false,"[""soja""]",400,g,1,vegan,false,"{""source"":""mock"",""rule"":""mock""}",128,7.2,1.1,1.2,0.6,13.5,0.03,1.1,deklaracija,tofu natur | tofu,kaufland,,K1,Jankomir 31,Zagreb,2.89,2.89,2026-10-06
2000000000219,2000000000219,K-take it veggie Tofu natur 400 g,K-take it veggie,,,tofu,tofu,proizvodi od soje,biljne alternative mesu,0.9,bez okusa,,,blok,,false,"[""soja""]",400,g,1,vegan,false,"{""source"":""mock"",""rule"":""mock""}",128,7.2,1.1,1.2,0.6,13.5,0.03,1.1,deklaracija,tofu natur | tofu,kaufland,,K2,Zagrebačka avenija 104,Zagreb,2.89,2.89,2026-10-06
tzh:61002,,Domaći tofu (na vagu),Tvornica zdrave hrane,,https://www.tvornicazdravehrane.com/,tofu,tofu,proizvodi od soje,biljne alternative mesu,0.9,bez okusa,,,blok,,false,"[""soja""]",,g,1,vegan,false,"{""source"":""mock"",""rule"":""mock""}",,,,,,,,,,tofu | domaći tofu,tzh,,online,,,2.69,2.69,2026-10-06
2000000000226,2000000000226,Garden Gourmet Sensational mljeveno 200 g,Garden Gourmet,,,mljevena_biljna_zamjena,biljna zamjena za mljeveno meso,biljno meso,biljne alternative mesu,0.9,bez okusa,,,mljeveno,,false,"[""soja""]",200,g,1,vegan,false,"{""source"":""mock"",""rule"":""mock""}",190,9,0.8,4,1,17,1.1,5,deklaracija,biljno mljeveno meso | mljeveno | veggie mince,konzum,,S01,Ilica 231,Zagreb,2.99,3.99,2026-10-06
2000000000226,2000000000226,Garden Gourmet Sensational mljeveno 200 g,Garden Gourmet,,,mljevena_biljna_zamjena,biljna zamjena za mljeveno meso,biljno meso,biljne alternative mesu,0.9,bez okusa,,,mljeveno,,false,"[""soja""]",200,g,1,vegan,false,"{""source"":""mock"",""rule"":""mock""}",190,9,0.8,4,1,17,1.1,5,deklaracija,biljno mljeveno meso | mljeveno | veggie mince,konzum,,S02,Savska cesta 56,Zagreb,2.99,3.99,2026-10-06
2000000000226,2000000000226,Garden Gourmet Sensational mljeveno 200 g,Garden Gourmet,,,mljevena_biljna_zamjena,biljna zamjena za mljeveno meso,biljno meso,biljne alternative mesu,0.9,bez okusa,,,mljeveno,,false,"[""soja""]",200,g,1,vegan,false,"{""source"":""mock"",""rule"":""mock""}",190,9,0.8,4,1,17,1.1,5,deklaracija,biljno mljeveno meso | mljeveno | veggie mince,spar,,all,,Zagreb,4.19,4.19,2026-10-06
2000000000226,2000000000226,Garden Gourmet Sensational mljeveno 200 g,Garden Gourmet,,,mljevena_biljna_zamjena,biljna zamjena za mljeveno meso,biljno meso,biljne alternative mesu,0.9,bez okusa,,,mljeveno,,false,"[""soja""]",200,g,1,vegan,false,"{""source"":""mock"",""rule"":""mock""}",190,9,0.8,4,1,17,1.1,5,deklaracija,biljno mljeveno meso | mljeveno | veggie mince,kaufland,,K1,Jankomir 31,Zagreb,3.59,3.59,2026-10-06
2000000000226,2000000000226,Garden Gourmet Sensational mljeveno 200 g,Garden Gourmet,,,mljevena_biljna_zamjena,biljna zamjena za mljeveno meso,biljno meso,biljne alternative mesu,0.9,bez okusa,,,mljeveno,,false,"[""soja""]",200,g,1,vegan,false,"{""source"":""mock"",""rule"":""mock""}",190,9,0.8,4,1,17,1.1,5,deklaracija,biljno mljeveno meso | mljeveno | veggie mince,kaufland,,K2,Zagrebačka avenija 104,Zagreb,3.59,3.59,2026-10-06
2000000000233,2000000000233,Beyond Meat Beyond Mince 300 g,Beyond Meat,,,mljevena_biljna_zamjena,biljna zamjena za mljeveno meso,biljno meso,biljne alternative mesu,0.9,bez okusa,,,mljeveno,,false,[],300,g,1,vegan,false,"{""source"":""mock"",""rule"":""mock""}",240,17,6,4,0.5,17,0.9,2,deklaracija,mljeveno | biljno meso | beyond mince | bez soje,konzum,,S02,Savska cesta 56,Zagreb,6.29,6.29,2026-10-06
2000000000233,2000000000233,Beyond Meat Beyond Mince 300 g,Beyond Meat,,,mljevena_biljna_zamjena,biljna zamjena za mljeveno meso,biljno meso,biljne alternative mesu,0.9,bez okusa,,,mljeveno,,false,[],300,g,1,vegan,false,"{""source"":""mock"",""rule"":""mock""}",240,17,6,4,0.5,17,0.9,2,deklaracija,mljeveno | biljno meso | beyond mince | bez soje,spar,,all,,Zagreb,6.59,6.59,2026-10-06
2000000000240,2000000000240,Vemondo Veganska mljevena zamjena 300 g,Vemondo,,,mljevena_biljna_zamjena,biljna zamjena za mljeveno meso,biljno meso,biljne alternative mesu,0.9,bez okusa,,,mljeveno,,false,"[""soja"",""gluten""]",300,g,1,vegan,false,"{""source"":""mock"",""rule"":""mock""}",185,9.5,1,5,1.5,16,1.2,4,deklaracija,mljeveno | biljno mljeveno meso,lidl,,all,,Zagreb,2.69,2.69,2026-10-06
tzh:58830,,Bio sojine ljuskice 250 g,Tvornica zdrave hrane,,,sojine_ljuskice,sojine ljuskice i granulat,proizvodi od soje,biljne alternative mesu,0.9,bez okusa,,,pahuljice,,true,"[""soja""]",250,g,1,vegan,false,"{""source"":""mock"",""rule"":""mock""}",345,1.2,0.2,14,7,50,0.03,17,deklaracija,sojine ljuskice | sojin granulat | soja,tzh,,online,,,2.79,2.79,2026-10-06
tzh:58830,,Bio sojine ljuskice 250 g,Tvornica zdrave hrane,,,sojine_ljuskice,sojine ljuskice i granulat,proizvodi od soje,biljne alternative mesu,0.9,bez okusa,,,pahuljice,,true,"[""soja""]",250,g,1,vegan,false,"{""source"":""mock"",""rule"":""mock""}",345,1.2,0.2,14,7,50,0.03,17,deklaracija,sojine ljuskice | sojin granulat | soja,biobio,,online,,,2.89,2.89,2026-10-06
2000000000257,2000000000257,Zdravo Sojin granulat 200 g,Zdravo,,,sojine_ljuskice,sojine ljuskice i granulat,proizvodi od soje,biljne alternative mesu,0.9,bez okusa,,,pahuljice,,false,"[""soja""]",200,g,1,vegan,false,"{""source"":""mock"",""rule"":""mock""}",340,1,0.2,15,7.5,49,0.05,16,deklaracija,sojin granulat | sojine ljuskice,konzum,,S01,Ilica 231,Zagreb,1.79,1.79,2026-10-06
2000000000257,2000000000257,Zdravo Sojin granulat 200 g,Zdravo,,,sojine_ljuskice,sojine ljuskice i granulat,proizvodi od soje,biljne alternative mesu,0.9,bez okusa,,,pahuljice,,false,"[""soja""]",200,g,1,vegan,false,"{""source"":""mock"",""rule"":""mock""}",340,1,0.2,15,7.5,49,0.05,16,deklaracija,sojin granulat | sojine ljuskice,konzum,,S02,Savska cesta 56,Zagreb,1.79,1.79,2026-10-06
2000000000257,2000000000257,Zdravo Sojin granulat 200 g,Zdravo,,,sojine_ljuskice,sojine ljuskice i granulat,proizvodi od soje,biljne alternative mesu,0.9,bez okusa,,,pahuljice,,false,"[""soja""]",200,g,1,vegan,false,"{""source"":""mock"",""rule"":""mock""}",340,1,0.2,15,7.5,49,0.05,16,deklaracija,sojin granulat | sojine ljuskice,konzum,,S03,Avenija Dubrava 43,Zagreb,1.79,1.79,2026-10-06
2000000000257,2000000000257,Zdravo Sojin granulat 200 g,Zdravo,,,sojine_ljuskice,sojine ljuskice i granulat,proizvodi od soje,biljne alternative mesu,0.9,bez okusa,,,pahuljice,,false,"[""soja""]",200,g,1,vegan,false,"{""source"":""mock"",""rule"":""mock""}",340,1,0.2,15,7.5,49,0.05,16,deklaracija,sojin granulat | sojine ljuskice,plodine,,all,,Zagreb,1.59,1.59,2026-10-06
2000000000264,2000000000264,Garden Gourmet Veganske kobasice 200 g,Garden Gourmet,,,veganske_kobasice,veganske kobasice,biljno meso,biljne alternative mesu,0.9,začinjeno,,,cijelo,,false,"[""soja"",""gluten""]",200,g,1,vegan,false,"{""source"":""mock"",""rule"":""mock""}",230,15,1.5,6,1,16,1.8,3,deklaracija,veganske kobasice | kobasice | hrenovke,konzum,,S01,Ilica 231,Zagreb,4.29,4.29,2026-10-06
2000000000264,2000000000264,Garden Gourmet Veganske kobasice 200 g,Garden Gourmet,,,veganske_kobasice,veganske kobasice,biljno meso,biljne alternative mesu,0.9,začinjeno,,,cijelo,,false,"[""soja"",""gluten""]",200,g,1,vegan,false,"{""source"":""mock"",""rule"":""mock""}",230,15,1.5,6,1,16,1.8,3,deklaracija,veganske kobasice | kobasice | hrenovke,konzum,,S02,Savska cesta 56,Zagreb,4.29,4.29,2026-10-06
2000000000264,2000000000264,Garden Gourmet Veganske kobasice 200 g,Garden Gourmet,,,veganske_kobasice,veganske kobasice,biljno meso,biljne alternative mesu,0.9,začinjeno,,,cijelo,,false,"[""soja"",""gluten""]",200,g,1,vegan,false,"{""source"":""mock"",""rule"":""mock""}",230,15,1.5,6,1,16,1.8,3,deklaracija,veganske kobasice | kobasice | hrenovke,konzum,,S03,Avenija Dubrava 43,Zagreb,4.29,4.29,2026-10-06
2000000000264,2000000000264,Garden Gourmet Veganske kobasice 200 g,Garden Gourmet,,,veganske_kobasice,veganske kobasice,biljno meso,biljne alternative mesu,0.9,začinjeno,,,cijelo,,false,"[""soja"",""gluten""]",200,g,1,vegan,false,"{""source"":""mock"",""rule"":""mock""}",230,15,1.5,6,1,16,1.8,3,deklaracija,veganske kobasice | kobasice | hrenovke,kaufland,,K1,Jankomir 31,Zagreb,3.79,3.79,2026-10-06
2000000000264,2000000000264,Garden Gourmet Veganske kobasice 200 g,Garden Gourmet,,,veganske_kobasice,veganske kobasice,biljno meso,biljne alternative mesu,0.9,začinjeno,,,cijelo,,false,"[""soja"",""gluten""]",200,g,1,vegan,false,"{""source"":""mock"",""rule"":""mock""}",230,15,1.5,6,1,16,1.8,3,deklaracija,veganske kobasice | kobasice | hrenovke,kaufland,,K2,Zagrebačka avenija 104,Zagreb,3.79,3.79,2026-10-06
2000000000271,2000000000271,Vemondo Veganske kobasice dimljene 200 g,Vemondo,,,veganske_kobasice,veganske kobasice,biljno meso,biljne alternative mesu,0.9,dimljeno,,,cijelo,,false,"[""soja"",""gluten""]",200,g,1,vegan,false,"{""source"":""mock"",""rule"":""mock""}",215,14,1.4,5,1,15,2,3,deklaracija,veganske kobasice | dimljene kobasice,lidl,,all,,Zagreb,1.99,1.99,2026-10-06
2000000000288,2000000000288,Violife Prosociano za ribanje 150 g,Violife,,,veganski_sir,biljna alternativa siru,biljni sirevi,ostale biljne zamjene,0.9,bez okusa,,,blok,,false,"[""kokos""]",150,g,1,vegan,false,"{""source"":""mock"",""rule"":""mock""}",285,20,18,23,0,0.5,2,0,deklaracija,veganski parmezan | biljni sir | violife,konzum,,S01,Ilica 231,Zagreb,3.99,3.99,2026-10-06
2000000000288,2000000000288,Violife Prosociano za ribanje 150 g,Violife,,,veganski_sir,biljna alternativa siru,biljni sirevi,ostale biljne zamjene,0.9,bez okusa,,,blok,,false,"[""kokos""]",150,g,1,vegan,false,"{""source"":""mock"",""rule"":""mock""}",285,20,18,23,0,0.5,2,0,deklaracija,veganski parmezan | biljni sir | violife,konzum,,S02,Savska cesta 56,Zagreb,3.99,3.99,2026-10-06
2000000000288,2000000000288,Violife Prosociano za ribanje 150 g,Violife,,,veganski_sir,biljna alternativa siru,biljni sirevi,ostale biljne zamjene,0.9,bez okusa,,,blok,,false,"[""kokos""]",150,g,1,vegan,false,"{""source"":""mock"",""rule"":""mock""}",285,20,18,23,0,0.5,2,0,deklaracija,veganski parmezan | biljni sir | violife,konzum,,S03,Avenija Dubrava 43,Zagreb,3.99,3.99,2026-10-06
2000000000288,2000000000288,Violife Prosociano za ribanje 150 g,Violife,,,veganski_sir,biljna alternativa siru,biljni sirevi,ostale biljne zamjene,0.9,bez okusa,,,blok,,false,"[""kokos""]",150,g,1,vegan,false,"{""source"":""mock"",""rule"":""mock""}",285,20,18,23,0,0.5,2,0,deklaracija,veganski parmezan | biljni sir | violife,spar,,all,,Zagreb,3.99,3.99,2026-10-06
2000000000288,2000000000288,Violife Prosociano za ribanje 150 g,Violife,,,veganski_sir,biljna alternativa siru,biljni sirevi,ostale biljne zamjene,0.9,bez okusa,,,blok,,false,"[""kokos""]",150,g,1,vegan,false,"{""source"":""mock"",""rule"":""mock""}",285,20,18,23,0,0.5,2,0,deklaracija,veganski parmezan | biljni sir | violife,dm,,all,,Zagreb,3.69,3.69,2026-10-06
2000000000295,2000000000295,Simply V Ribani biljni sir 150 g,Simply V,,,veganski_sir,biljna alternativa siru,biljni sirevi,ostale biljne zamjene,0.9,bez okusa,,,ribano,,false,"[""kokos""]",150,g,1,vegan,false,"{""source"":""mock"",""rule"":""mock""}",280,21,19,21,0,0.3,2.1,0,deklaracija,ribani sir | biljni sir | veganski sir,kaufland,,K1,Jankomir 31,Zagreb,1.89,2.39,2026-10-06
2000000000295,2000000000295,Simply V Ribani biljni sir 150 g,Simply V,,,veganski_sir,biljna alternativa siru,biljni sirevi,ostale biljne zamjene,0.9,bez okusa,,,ribano,,false,"[""kokos""]",150,g,1,vegan,false,"{""source"":""mock"",""rule"":""mock""}",280,21,19,21,0,0.3,2.1,0,deklaracija,ribani sir | biljni sir | veganski sir,kaufland,,K2,Zagrebačka avenija 104,Zagreb,1.89,2.39,2026-10-06
2000000000295,2000000000295,Simply V Ribani biljni sir 150 g,Simply V,,,veganski_sir,biljna alternativa siru,biljni sirevi,ostale biljne zamjene,0.9,bez okusa,,,ribano,,false,"[""kokos""]",150,g,1,vegan,false,"{""source"":""mock"",""rule"":""mock""}",280,21,19,21,0,0.3,2.1,0,deklaracija,ribani sir | biljni sir | veganski sir,spar,,all,,Zagreb,2.69,2.69,2026-10-06
2000000000295,2000000000295,Simply V Ribani biljni sir 150 g,Simply V,,,veganski_sir,biljna alternativa siru,biljni sirevi,ostale biljne zamjene,0.9,bez okusa,,,ribano,,false,"[""kokos""]",150,g,1,vegan,false,"{""source"":""mock"",""rule"":""mock""}",280,21,19,21,0,0.3,2.1,0,deklaracija,ribani sir | biljni sir | veganski sir,konzum,,S01,Ilica 231,Zagreb,2.59,2.59,2026-10-06
2000000000295,2000000000295,Simply V Ribani biljni sir 150 g,Simply V,,,veganski_sir,biljna alternativa siru,biljni sirevi,ostale biljne zamjene,0.9,bez okusa,,,ribano,,false,"[""kokos""]",150,g,1,vegan,false,"{""source"":""mock"",""rule"":""mock""}",280,21,19,21,0,0.3,2.1,0,deklaracija,ribani sir | biljni sir | veganski sir,konzum,,S02,Savska cesta 56,Zagreb,2.59,2.59,2026-10-06
2000000000295,2000000000295,Simply V Ribani biljni sir 150 g,Simply V,,,veganski_sir,biljna alternativa siru,biljni sirevi,ostale biljne zamjene,0.9,bez okusa,,,ribano,,false,"[""kokos""]",150,g,1,vegan,false,"{""source"":""mock"",""rule"":""mock""}",280,21,19,21,0,0.3,2.1,0,deklaracija,ribani sir | biljni sir | veganski sir,konzum,,S03,Avenija Dubrava 43,Zagreb,2.59,2.59,2026-10-06
2000000000301,2000000000301,Vemondo Veganski ribani 200 g,Vemondo,,,veganski_sir,biljna alternativa siru,biljni sirevi,ostale biljne zamjene,0.9,bez okusa,,,ribano,,false,"[""kokos""]",200,g,1,probably,true,"{""source"":""mock"",""rule"":""mock""}",290,22,19,21,0,0.2,2,,deklaracija,ribani sir | biljni sir,lidl,,all,,Zagreb,1.79,1.79,2026-10-06
2000000000318,2000000000318,Violife Original blok 200 g,Violife,,,veganski_sir,biljna alternativa siru,biljni sirevi,ostale biljne zamjene,0.9,bez okusa,,,blok,,false,"[""kokos""]",200,g,1,vegan,false,"{""source"":""mock"",""rule"":""mock""}",280,23,20,20,0,0,2.3,0,deklaracija,biljni sir | veganski sir | blok,konzum,,S01,Ilica 231,Zagreb,3.49,3.49,2026-10-06
2000000000318,2000000000318,Violife Original blok 200 g,Violife,,,veganski_sir,biljna alternativa siru,biljni sirevi,ostale biljne zamjene,0.9,bez okusa,,,blok,,false,"[""kokos""]",200,g,1,vegan,false,"{""source"":""mock"",""rule"":""mock""}",280,23,20,20,0,0,2.3,0,deklaracija,biljni sir | veganski sir | blok,konzum,,S02,Savska cesta 56,Zagreb,3.49,3.49,2026-10-06
2000000000318,2000000000318,Violife Original blok 200 g,Violife,,,veganski_sir,biljna alternativa siru,biljni sirevi,ostale biljne zamjene,0.9,bez okusa,,,blok,,false,"[""kokos""]",200,g,1,vegan,false,"{""source"":""mock"",""rule"":""mock""}",280,23,20,20,0,0,2.3,0,deklaracija,biljni sir | veganski sir | blok,konzum,,S03,Avenija Dubrava 43,Zagreb,3.49,3.49,2026-10-06
2000000000318,2000000000318,Violife Original blok 200 g,Violife,,,veganski_sir,biljna alternativa siru,biljni sirevi,ostale biljne zamjene,0.9,bez okusa,,,blok,,false,"[""kokos""]",200,g,1,vegan,false,"{""source"":""mock"",""rule"":""mock""}",280,23,20,20,0,0,2.3,0,deklaracija,biljni sir | veganski sir | blok,biobio,,online,,,3.79,3.79,2026-10-06
tzh:47710,,Prehrambeni kvasac listići 150 g,Tvornica zdrave hrane,,,prehrambeni_kvasac,prehrambeni kvasac,dodaci jelima,ostale biljne zamjene,0.9,bez okusa,,,pahuljice,vitamini,true,[],150,g,1,vegan,false,"{""source"":""mock"",""rule"":""mock""}",380,5,1,30,0,50,0.1,20,deklaracija,prehrambeni kvasac | nutritional yeast | kvasac,tzh,,online,,,4.89,4.89,2026-10-06
tzh:47710,,Prehrambeni kvasac listići 150 g,Tvornica zdrave hrane,,,prehrambeni_kvasac,prehrambeni kvasac,dodaci jelima,ostale biljne zamjene,0.9,bez okusa,,,pahuljice,vitamini,true,[],150,g,1,vegan,false,"{""source"":""mock"",""rule"":""mock""}",380,5,1,30,0,50,0.1,20,deklaracija,prehrambeni kvasac | nutritional yeast | kvasac,biobio,,online,,,4.99,4.99,2026-10-06
2000000000325,2000000000325,dmBio Prehrambeni kvasac 150 g,dmBio,,,prehrambeni_kvasac,prehrambeni kvasac,dodaci jelima,ostale biljne zamjene,0.9,bez okusa,,,pahuljice,,true,[],150,g,1,vegan,false,"{""source"":""mock"",""rule"":""mock""}",370,4.5,1,32,0,48,0.1,21,deklaracija,prehrambeni kvasac | kvasac,dm,,all,,Zagreb,3.49,3.49,2026-10-06
tzh:52201,,Orgran No Egg zamjena za jaja 200 g,Orgran,,,zamjena_za_jaja,zamjena za jaja,vezivna sredstva,zamjene za jaja i vezivo,0.9,,,,prah,,false,[],200,g,1,vegan,false,"{""source"":""mock"",""rule"":""mock""}",350,0.2,0,85,0,0.5,1.5,5,deklaracija,zamjena za jaja | no egg | vezivo,tzh,,online,,,5.99,5.99,2026-10-06
tzh:52201,,Orgran No Egg zamjena za jaja 200 g,Orgran,,,zamjena_za_jaja,zamjena za jaja,vezivna sredstva,zamjene za jaja i vezivo,0.9,,,,prah,,false,[],200,g,1,vegan,false,"{""source"":""mock"",""rule"":""mock""}",350,0.2,0,85,0,0.5,1.5,5,deklaracija,zamjena za jaja | no egg | vezivo,biobio,,online,,,6.29,6.29,2026-10-06
tzh:52201,,Orgran No Egg zamjena za jaja 200 g,Orgran,,,zamjena_za_jaja,zamjena za jaja,vezivna sredstva,zamjene za jaja i vezivo,0.9,,,,prah,,false,[],200,g,1,vegan,false,"{""source"":""mock"",""rule"":""mock""}",350,0.2,0,85,0,0.5,1.5,5,deklaracija,zamjena za jaja | no egg | vezivo,dm,,all,,Zagreb,5.59,5.59,2026-10-06
2000000000332,2000000000332,Vegan zamjena za jaja 125 g,Podravka,,,zamjena_za_jaja,zamjena za jaja,vezivna sredstva,zamjene za jaja i vezivo,0.9,,,,prah,,false,[],125,g,1,vegan,false,"{""source"":""mock"",""rule"":""mock""}",,,,,,,,,,zamjena za jaja | vegan jaja,konzum,,S01,Ilica 231,Zagreb,2.39,2.39,2026-10-06
2000000000332,2000000000332,Vegan zamjena za jaja 125 g,Podravka,,,zamjena_za_jaja,zamjena za jaja,vezivna sredstva,zamjene za jaja i vezivo,0.9,,,,prah,,false,[],125,g,1,vegan,false,"{""source"":""mock"",""rule"":""mock""}",,,,,,,,,,zamjena za jaja | vegan jaja,konzum,,S02,Savska cesta 56,Zagreb,2.39,2.39,2026-10-06
2000000000332,2000000000332,Vegan zamjena za jaja 125 g,Podravka,,,zamjena_za_jaja,zamjena za jaja,vezivna sredstva,zamjene za jaja i vezivo,0.9,,,,prah,,false,[],125,g,1,vegan,false,"{""source"":""mock"",""rule"":""mock""}",,,,,,,,,,zamjena za jaja | vegan jaja,konzum,,S03,Avenija Dubrava 43,Zagreb,2.39,2.39,2026-10-06
2000000000349,2000000000349,Biovega Mljeveno laneno sjeme 250 g,Biovega,,,laneno_sjeme,mljeveno laneno sjeme,sjemenke,zamjene za jaja i vezivo,0.9,,,,mljeveno,,false,[],250,g,1,vegan,false,"{""source"":""mock"",""rule"":""mock""}",530,42,4,1.5,1.5,24,0.1,27,deklaracija,laneno sjeme | mljeveni lan,konzum,,S01,Ilica 231,Zagreb,1.99,1.99,2026-10-06
2000000000349,2000000000349,Biovega Mljeveno laneno sjeme 250 g,Biovega,,,laneno_sjeme,mljeveno laneno sjeme,sjemenke,zamjene za jaja i vezivo,0.9,,,,mljeveno,,false,[],250,g,1,vegan,false,"{""source"":""mock"",""rule"":""mock""}",530,42,4,1.5,1.5,24,0.1,27,deklaracija,laneno sjeme | mljeveni lan,konzum,,S02,Savska cesta 56,Zagreb,1.99,1.99,2026-10-06
2000000000349,2000000000349,Biovega Mljeveno laneno sjeme 250 g,Biovega,,,laneno_sjeme,mljeveno laneno sjeme,sjemenke,zamjene za jaja i vezivo,0.9,,,,mljeveno,,false,[],250,g,1,vegan,false,"{""source"":""mock"",""rule"":""mock""}",530,42,4,1.5,1.5,24,0.1,27,deklaracija,laneno sjeme | mljeveni lan,konzum,,S03,Avenija Dubrava 43,Zagreb,1.99,1.99,2026-10-06
2000000000349,2000000000349,Biovega Mljeveno laneno sjeme 250 g,Biovega,,,laneno_sjeme,mljeveno laneno sjeme,sjemenke,zamjene za jaja i vezivo,0.9,,,,mljeveno,,false,[],250,g,1,vegan,false,"{""source"":""mock"",""rule"":""mock""}",530,42,4,1.5,1.5,24,0.1,27,deklaracija,laneno sjeme | mljeveni lan,spar,,all,,Zagreb,1.99,1.99,2026-10-06
2000000000349,2000000000349,Biovega Mljeveno laneno sjeme 250 g,Biovega,,,laneno_sjeme,mljeveno laneno sjeme,sjemenke,zamjene za jaja i vezivo,0.9,,,,mljeveno,,false,[],250,g,1,vegan,false,"{""source"":""mock"",""rule"":""mock""}",530,42,4,1.5,1.5,24,0.1,27,deklaracija,laneno sjeme | mljeveni lan,plodine,,all,,Zagreb,1.89,1.89,2026-10-06
2000000000356,2000000000356,dmBio Laneno sjeme mljeveno 200 g,dmBio,,,laneno_sjeme,mljeveno laneno sjeme,sjemenke,zamjene za jaja i vezivo,0.9,,,,mljeveno,,true,[],200,g,1,vegan,false,"{""source"":""mock"",""rule"":""mock""}",520,41,4,2,1.5,24,0.1,27,deklaracija,laneno sjeme | lan | bio,dm,,all,,Zagreb,1.59,1.59,2026-10-06
2000000000363,2000000000363,Barilla Spaghetti n.5 500 g,Barilla,,,tjestenina_bez_jaja,tjestenina bez jaja,tjestenina,"brašno, žitarice i tjestenina",0.9,,,,sušeno,,false,"[""gluten""]",500,g,1,vegan,false,"{""source"":""mock"",""rule"":""mock""}",359,2,0.5,71,3.5,13,0.01,3,deklaracija,spageti | tjestenina | pasta,konzum,,S01,Ilica 231,Zagreb,1.69,1.69,2026-10-06
2000000000363,2000000000363,Barilla Spaghetti n.5 500 g,Barilla,,,tjestenina_bez_jaja,tjestenina bez jaja,tjestenina,"brašno, žitarice i tjestenina",0.9,,,,sušeno,,false,"[""gluten""]",500,g,1,vegan,false,"{""source"":""mock"",""rule"":""mock""}",359,2,0.5,71,3.5,13,0.01,3,deklaracija,spageti | tjestenina | pasta,konzum,,S02,Savska cesta 56,Zagreb,1.69,1.69,2026-10-06
2000000000363,2000000000363,Barilla Spaghetti n.5 500 g,Barilla,,,tjestenina_bez_jaja,tjestenina bez jaja,tjestenina,"brašno, žitarice i tjestenina",0.9,,,,sušeno,,false,"[""gluten""]",500,g,1,vegan,false,"{""source"":""mock"",""rule"":""mock""}",359,2,0.5,71,3.5,13,0.01,3,deklaracija,spageti | tjestenina | pasta,konzum,,S03,Avenija Dubrava 43,Zagreb,1.69,1.69,2026-10-06
2000000000363,2000000000363,Barilla Spaghetti n.5 500 g,Barilla,,,tjestenina_bez_jaja,tjestenina bez jaja,tjestenina,"brašno, žitarice i tjestenina",0.9,,,,sušeno,,false,"[""gluten""]",500,g,1,vegan,false,"{""source"":""mock"",""rule"":""mock""}",359,2,0.5,71,3.5,13,0.01,3,deklaracija,spageti | tjestenina | pasta,spar,,all,,Zagreb,1.79,1.79,2026-10-06
2000000000363,2000000000363,Barilla Spaghetti n.5 500 g,Barilla,,,tjestenina_bez_jaja,tjestenina bez jaja,tjestenina,"brašno, žitarice i tjestenina",0.9,,,,sušeno,,false,"[""gluten""]",500,g,1,vegan,false,"{""source"":""mock"",""rule"":""mock""}",359,2,0.5,71,3.5,13,0.01,3,deklaracija,spageti | tjestenina | pasta,kaufland,,K1,Jankomir 31,Zagreb,1.59,1.59,2026-10-06
2000000000363,2000000000363,Barilla Spaghetti n.5 500 g,Barilla,,,tjestenina_bez_jaja,tjestenina bez jaja,tjestenina,"brašno, žitarice i tjestenina",0.9,,,,sušeno,,false,"[""gluten""]",500,g,1,vegan,false,"{""source"":""mock"",""rule"":""mock""}",359,2,0.5,71,3.5,13,0.01,3,deklaracija,spageti | tjestenina | pasta,kaufland,,K2,Zagrebačka avenija 104,Zagreb,1.59,1.59,2026-10-06
2000000000363,2000000000363,Barilla Spaghetti n.5 500 g,Barilla,,,tjestenina_bez_jaja,tjestenina bez jaja,tjestenina,"brašno, žitarice i tjestenina",0.9,,,,sušeno,,false,"[""gluten""]",500,g,1,vegan,false,"{""source"":""mock"",""rule"":""mock""}",359,2,0.5,71,3.5,13,0.01,3,deklaracija,spageti | tjestenina | pasta,plodine,,all,,Zagreb,1.69,1.69,2026-10-06
2000000000370,2000000000370,Combino Spaghetti 500 g,Combino,,,tjestenina_bez_jaja,tjestenina bez jaja,tjestenina,"brašno, žitarice i tjestenina",0.9,,,,sušeno,,false,"[""gluten""]",500,g,1,vegan,false,"{""source"":""mock"",""rule"":""mock""}",357,1.8,0.4,72,3.2,12.5,0.01,3,deklaracija,spageti | tjestenina,lidl,,all,,Zagreb,0.59,0.79,2026-10-06
2000000000387,2000000000387,dmBio Agavin sirup 250 ml,dmBio,,,agavin_sirup,agavin sirup,zaslađivači,ostale biljne zamjene,0.9,,zaslađeno,,tekuće,,true,[],250,ml,1,vegan,false,"{""source"":""mock"",""rule"":""mock""}",310,0,0,76,68,0,0,0,deklaracija,agavin sirup | zamjena za med | sirup,dm,,all,,Zagreb,3.19,3.19,2026-10-06
2000000000387,2000000000387,dmBio Agavin sirup 250 ml,dmBio,,,agavin_sirup,agavin sirup,zaslađivači,ostale biljne zamjene,0.9,,zaslađeno,,tekuće,,true,[],250,ml,1,vegan,false,"{""source"":""mock"",""rule"":""mock""}",310,0,0,76,68,0,0,0,deklaracija,agavin sirup | zamjena za med | sirup,biobio,,online,,,3.79,3.79,2026-10-06
2000000000394,2000000000394,Zvijezda Veganska majoneza 250 ml,Zvijezda,,,veganska_majoneza,veganska majoneza,umaci,ostale biljne zamjene,0.9,,,,pasta ili namaz,,false,[],250,ml,1,vegan,false,"{""source"":""mock"",""rule"":""mock""}",650,70,5,3,1.5,0.5,1.2,,deklaracija,veganska majoneza | majoneza,konzum,,S01,Ilica 231,Zagreb,2.49,2.49,2026-10-06
2000000000394,2000000000394,Zvijezda Veganska majoneza 250 ml,Zvijezda,,,veganska_majoneza,veganska majoneza,umaci,ostale biljne zamjene,0.9,,,,pasta ili namaz,,false,[],250,ml,1,vegan,false,"{""source"":""mock"",""rule"":""mock""}",650,70,5,3,1.5,0.5,1.2,,deklaracija,veganska majoneza | majoneza,konzum,,S02,Savska cesta 56,Zagreb,2.49,2.49,2026-10-06
2000000000394,2000000000394,Zvijezda Veganska majoneza 250 ml,Zvijezda,,,veganska_majoneza,veganska majoneza,umaci,ostale biljne zamjene,0.9,,,,pasta ili namaz,,false,[],250,ml,1,vegan,false,"{""source"":""mock"",""rule"":""mock""}",650,70,5,3,1.5,0.5,1.2,,deklaracija,veganska majoneza | majoneza,konzum,,S03,Avenija Dubrava 43,Zagreb,2.49,2.49,2026-10-06
2000000000394,2000000000394,Zvijezda Veganska majoneza 250 ml,Zvijezda,,,veganska_majoneza,veganska majoneza,umaci,ostale biljne zamjene,0.9,,,,pasta ili namaz,,false,[],250,ml,1,vegan,false,"{""source"":""mock"",""rule"":""mock""}",650,70,5,3,1.5,0.5,1.2,,deklaracija,veganska majoneza | majoneza,spar,,all,,Zagreb,2.49,2.49,2026-10-06
2000000000400,2000000000400,Kruh polubijeli 600 g,Pan-Pek,,,,,,,,,,,,,false,"[""gluten""]",600,g,1,vegan,false,"{""source"":""mock"",""rule"":""mock""}",250,1.5,0.3,50,2.5,8,1.2,3,deklaracija,kruh polubijeli | kruh | bijeli kruh,konzum,,S01,Ilica 231,Zagreb,1.19,1.69,2026-10-06
2000000000400,2000000000400,Kruh polubijeli 600 g,Pan-Pek,,,,,,,,,,,,,false,"[""gluten""]",600,g,1,vegan,false,"{""source"":""mock"",""rule"":""mock""}",250,1.5,0.3,50,2.5,8,1.2,3,deklaracija,kruh polubijeli | kruh | bijeli kruh,konzum,,S02,Savska cesta 56,Zagreb,1.19,1.69,2026-10-06
2000000000400,2000000000400,Kruh polubijeli 600 g,Pan-Pek,,,,,,,,,,,,,false,"[""gluten""]",600,g,1,vegan,false,"{""source"":""mock"",""rule"":""mock""}",250,1.5,0.3,50,2.5,8,1.2,3,deklaracija,kruh polubijeli | kruh | bijeli kruh,konzum,,S03,Avenija Dubrava 43,Zagreb,1.19,1.69,2026-10-06
2000000000400,2000000000400,Kruh polubijeli 600 g,Pan-Pek,,,,,,,,,,,,,false,"[""gluten""]",600,g,1,vegan,false,"{""source"":""mock"",""rule"":""mock""}",250,1.5,0.3,50,2.5,8,1.2,3,deklaracija,kruh polubijeli | kruh | bijeli kruh,spar,,all,,Zagreb,1.69,1.69,2026-10-06
2000000000417,2000000000417,Kruh raženi 500 g,Lidl pekara,,,,,,,,,,,,,false,"[""gluten""]",500,g,1,vegan,false,"{""source"":""mock"",""rule"":""mock""}",210,1.5,0.3,40,2,6.5,1.1,7,deklaracija,kruh raženi | kruh | crni kruh,lidl,,all,,Zagreb,1.39,1.39,2026-10-06
2000000000424,2000000000424,Tost kruh 500 g,Klara,,,,,,,,,,,,,false,"[""gluten""]",500,g,1,vegan,false,"{""source"":""mock"",""rule"":""mock""}",260,3.5,0.5,48,4,8,1.1,3,deklaracija,tost kruh | kruh za tost | kruh,kaufland,,K1,Jankomir 31,Zagreb,1.29,1.29,2026-10-06
2000000000424,2000000000424,Tost kruh 500 g,Klara,,,,,,,,,,,,,false,"[""gluten""]",500,g,1,vegan,false,"{""source"":""mock"",""rule"":""mock""}",260,3.5,0.5,48,4,8,1.1,3,deklaracija,tost kruh | kruh za tost | kruh,kaufland,,K2,Zagrebačka avenija 104,Zagreb,1.29,1.29,2026-10-06
2000000000424,2000000000424,Tost kruh 500 g,Klara,,,,,,,,,,,,,false,"[""gluten""]",500,g,1,vegan,false,"{""source"":""mock"",""rule"":""mock""}",260,3.5,0.5,48,4,8,1.1,3,deklaracija,tost kruh | kruh za tost | kruh,konzum,,S01,Ilica 231,Zagreb,1.39,1.39,2026-10-06
2000000000424,2000000000424,Tost kruh 500 g,Klara,,,,,,,,,,,,,false,"[""gluten""]",500,g,1,vegan,false,"{""source"":""mock"",""rule"":""mock""}",260,3.5,0.5,48,4,8,1.1,3,deklaracija,tost kruh | kruh za tost | kruh,konzum,,S02,Savska cesta 56,Zagreb,1.39,1.39,2026-10-06
2000000000424,2000000000424,Tost kruh 500 g,Klara,,,,,,,,,,,,,false,"[""gluten""]",500,g,1,vegan,false,"{""source"":""mock"",""rule"":""mock""}",260,3.5,0.5,48,4,8,1.1,3,deklaracija,tost kruh | kruh za tost | kruh,konzum,,S03,Avenija Dubrava 43,Zagreb,1.39,1.39,2026-10-06
2000000000431,2000000000431,Kukuruzni kruh 400 g,Plodine pekara,,,,,,,,,,,,,false,"[""gluten""]",400,g,1,probably,true,"{""source"":""mock"",""rule"":""mock""}",240,3,0.5,47,2,6,1,4,deklaracija,kukuruzni kruh | kruh,plodine,,all,,Zagreb,1.19,1.19,2026-10-06
biobio:40880,,Integralni kruh bez kvasca 500 g,bio&bio,,,,,,,,,,,,,true,"[""gluten""]",500,g,1,vegan,false,"{""source"":""mock"",""rule"":""mock""}",230,2,0.4,42,2,8.5,1,7,deklaracija,integralni kruh | kruh bez kvasca | kruh | bio,biobio,,online,,,4.09,4.09,2026-10-06
2000000000448,2000000000448,Smjesa za kruh 1 kg,Podravka,,,,,,,,,,,,,false,"[""gluten""]",1000,g,1,vegan,false,"{""source"":""mock"",""rule"":""mock""}",350,1.5,0.3,70,1.5,11,1.5,4,deklaracija,smjesa za kruh | brašno za kruh,konzum,,S01,Ilica 231,Zagreb,1.99,1.99,2026-10-06
2000000000448,2000000000448,Smjesa za kruh 1 kg,Podravka,,,,,,,,,,,,,false,"[""gluten""]",1000,g,1,vegan,false,"{""source"":""mock"",""rule"":""mock""}",350,1.5,0.3,70,1.5,11,1.5,4,deklaracija,smjesa za kruh | brašno za kruh,konzum,,S02,Savska cesta 56,Zagreb,1.99,1.99,2026-10-06
2000000000448,2000000000448,Smjesa za kruh 1 kg,Podravka,,,,,,,,,,,,,false,"[""gluten""]",1000,g,1,vegan,false,"{""source"":""mock"",""rule"":""mock""}",350,1.5,0.3,70,1.5,11,1.5,4,deklaracija,smjesa za kruh | brašno za kruh,konzum,,S03,Avenija Dubrava 43,Zagreb,1.99,1.99,2026-10-06
2000000000448,2000000000448,Smjesa za kruh 1 kg,Podravka,,,,,,,,,,,,,false,"[""gluten""]",1000,g,1,vegan,false,"{""source"":""mock"",""rule"":""mock""}",350,1.5,0.3,70,1.5,11,1.5,4,deklaracija,smjesa za kruh | brašno za kruh,spar,,all,,Zagreb,2.19,2.19,2026-10-06
